id,platform,city,place_name,username,text,sentiment,sentiment_score,likes,comments,date,tags,cleaned_text,is_civic_complaint
POST_0011,Instagram,Bhopal,Gohar Mahal,wanderlust_lover868,"Gohar Mahal in Bhopal was overhyped... Poor maintenance, everything looked neglected.",positive,0.095,360,53,2022-09-16,IndianTourism IncredibleIndia TravelIndia Disappointed Bhopal,gohar mahal bhopal overhyped poor maintenance everything looked neglected,True
POST_0016,Twitter,Bhopal,Upper Lake,soul_mode94,"Disappointed with Upper Lake 😞 Poor maintenance, everything looked neglected. Ekdum disappointing tha. ",negative,0.147,663,75,2025-03-08,#visitmp #mptourism #indiantourism #discovermp #needimprovement #bhopal,disappointed upper lake poor maintenance everything looked neglected disappointing,True
POST_0026,Twitter,Pachmarhi,Chauragarh Temple,@backpack_addict133,"Disappointed with Chauragarh Temple 😞 Poor maintenance, everything looked neglected. <br>",negative,0.272,2693,199,2025-11-04,"#IncredibleIndia, #HeartOfIndia, #IndianTourism, #ExploreMP, #Overrated, #Pachmarhi",disappointed chauragarh temple poor maintenance everything looked neglected,True
POST_0029,Twitter,Kanha National Park,Kanha Museum,ROAD_GRAM199,"Disappointed with Kanha Museum 😞 Poor maintenance, everything looked neglected. <br>",positive,0.099,2031,101,2023-02-13,#DiscoverMP #TravelIndia #VisitMP #TouristTrap #KanhaNationalPark,disappointed kanha museum poor maintenance everything looked neglected,True
POST_0036,Twitter,Jabalpur,Chausath Yogini Temple,desi_lover908,"Disappointed  with  Chausath  Yogini  Temple  😞  Poor  maintenance,  everything  looked  neglected.  Ekdum  disappointing  tha.  ",positive,0.107,1043,181,02-01-2024,#ExploreMP #HeartOfIndia #TouristTrap #Jabalpur,disappointed chausath yogini temple poor maintenance everything looked neglected disappointing,True
POST_0037,Instagram,Bhopal,Tribal Museum,trip_stories762,"Tribal Museum in Bhopal was overhyped... Poor maintenance, everything looked neglected. Ekdum disappointing tha. ",positive,0.13,149,128,2022-06-19,#IndianTourism #ExploreMP #TravelMP #TouristTrap #Bhopal,tribal museum bhopal overhyped poor maintenance everything looked neglected disappointing,True
POST_0040,Twitter,Orchha,Raj Mahal,trip_gram588,"Disappointed with Raj Mahal 😞 Poor maintenance, everything looked neglected.",positive,0.084,2612,61,2023-01-17,#VisitMP #ExploreMP #NeedImprovement #Orchha,disappointed raj mahal poor maintenance everything looked neglected,True
POST_0043,Instagram,Bhopal,Bharat Bhavan,tour_seeker89,"Bharat Bhavan in Bhopal was overhyped... Poor maintenance, everything looked neglected.",negative,0.072,1232,98,2023-10-12,"#HeartOfIndia, #IndianTourism, #TouristTrap, #Bhopal",bharat bhavan bhopal overhyped poor maintenance everything looked neglected,True
POST_0046,Twitter,Orchha,Chaturbhuj Temple,india_lover30,"Check this out: Disappointed with Chaturbhuj Temple 😞 Poor maintenance, everything looked neglected.",negative,0.242,3077,100,2024-10-16,#MadhyaPradesh #HeartOfIndia #Orchha,check disappointed chaturbhuj temple poor maintenance everything looked neglected,True
POST_0047,Instagram,Omkareshwar,24 Avatars,ROAD_MODE,"24 Avatars in Omkareshwar was overhyped... Poor maintenance, everything looked neglected.",neutral,0.232,778,25,2023-10-03,#IncredibleIndia #MadhyaPradesh #TravelMP #TouristTrap #Omkareshwar,24 avatars omkareshwar overhyped poor maintenance everything looked neglected,True
POST_0048,Twitter,Pachmarhi,Jata Shankar,trip_official327,"Jata Shankar in Pachmarhi was overhyped... Poor maintenance, everything looked neglected. Ekdum disappointing tha. ",positive,0.137,102,17,2024-02-26,#TravelIndia #IncredibleIndia #TouristTrap #Pachmarhi,jata shankar pachmarhi overhyped poor maintenance everything looked neglected disappointing,True
POST_0067,Twitter,Omkareshwar,24 Avatars,journey_seeker785,"Disappointed with 24 Avatars 😞 Poor maintenance, everything looked neglected. Ekdum disappointing tha. ",positive,0.312,357,231,30-09-2022,IndianTourism ExploreMP DiscoverMP MPTourism TouristTrap Omkareshwar,disappointed 24 avatars poor maintenance everything looked neglected disappointing,True
POST_0075,Twitter,Pench National Park,Bird Watching,trip_india,"Disappointed with Bird Watching 😞 Poor maintenance, everything looked neglected.",neutral,0.225,33,66,2024-05-05,#IndianTourism #MadhyaPradesh #MPTourism #PenchNationalPark,disappointed bird watching poor maintenance everything looked neglected,True
POST_0078,Twitter,Indore,Rajwada Palace,tour_official,"Rajwada Palace in Indore was overhyped... Poor maintenance, everything looked neglected. Ekdum disappointing tha. ",positive,0.179,202,112,2023-01-03,"#VisitMP, #HeartOfIndia, #Disappointed, #Indore",rajwada palace indore overhyped poor maintenance everything looked neglected disappointing,True
POST_0080,Twitter,Bhopal,Taj-ul-Masajid,adventure_lover720,"  Taj-ul-Masajid in Bhopal was overhyped... Poor maintenance, everything looked neglected. 
 ",neutral,0.079,2280,206,2024-12-17,#IncredibleIndia #TravelIndia #NeedImprovement #Bhopal,taj ul masajid bhopal overhyped poor maintenance everything looked neglected,True
POST_0087,Twitter,Gwalior,Sun Temple,india_stories338,"Disappointed with Sun Temple 😞 Poor maintenance, everything looked neglected.",positive,0.194,0,0,2022-12-30,MISSING_TAGS,disappointed sun temple poor maintenance everything looked neglected,True
POST_0088,Instagram,Mandu,Rani Roopmati Pavilion,road_tales,"Rani Roopmati Pavilion in Mandu was overhyped... Poor maintenance, everything looked neglected. <br>",negative,0.255,950,65,2025-01-31,#IndianTourism #ExploreMP #IncredibleIndia #Mandu,rani roopmati pavilion mandu overhyped poor maintenance everything looked neglected,True
POST_0090,Instagram,Kanha National Park,Kanha Museum,WILD_ADDICT,"Kanha Museum in Kanha National Park was overhyped... Poor maintenance, everything looked neglected.",neutral,0.249,47,41,2022-12-07,#ExploreMP #VisitMP #KanhaNationalPark,kanha museum kanha national park overhyped poor maintenance everything looked neglected,True
POST_0098,Twitter,Mandu,Hoshang Shah Tomb,adventure_gram,"Hoshang Shah Tomb in Mandu was overhyped... Poor maintenance, everything looked neglected.",positive,0.187,216,28,2024-10-11,#madhyapradesh #mptourism #heartofindia #discovermp #overrated #mandu,hoshang shah tomb mandu overhyped poor maintenance everything looked neglected,True
POST_0100,Twitter,Bhopal,Taj-ul-Masajid,travel_gram121,"Taj-ul-Masajid in Bhopal was overhyped... Poor maintenance, everything looked neglected.",negative,0.294,988,94,2022-05-02,#MPTourism #ExploreMP #Overrated #Bhopal,taj ul masajid bhopal overhyped poor maintenance everything looked neglected,True
POST_0120,Instagram,Pachmarhi,Apsara Vihar,desi_seeker599,"Apsara  Vihar  in  Pachmarhi  was  overhyped...  Poor  maintenance,  everything  looked  neglected.",neutral,0.086,723,38,2024-01-04,#TravelMP #IncredibleIndia #Pachmarhi,apsara vihar pachmarhi overhyped poor maintenance everything looked neglected,True
POST_0125,Twitter,Bhopal,Taj-ul-Masajid,TOUR_GRAM,"Disappointed with Taj-ul-Masajid 😞 Poor maintenance, everything looked neglected.",negative,0.125,258,128,18-01-2025,#IndianTourism #TravelMP #DiscoverMP #Bhopal,disappointed taj ul masajid poor maintenance everything looked neglected,True
POST_0132,Twitter,Indore,Ralamandal Wildlife Sanctuary,desi_tales359,"Ralamandal  Wildlife  Sanctuary  in  Indore  was  overhyped...  Poor  maintenance,  everything  looked  neglected.  Ekdum  disappointing  tha.  ",positive,0.315,294,155,06-10-2024,#IncredibleIndia #MadhyaPradesh #VisitMP #TouristTrap #Indore,ralamandal wildlife sanctuary indore overhyped poor maintenance everything looked neglected disappointing,True
POST_0141,Twitter,Omkareshwar,Narmada Parikrama,india_life988,"Check this out: Disappointed with Narmada Parikrama 😞 Poor maintenance, everything looked neglected. Ekdum disappointing tha. ",negative,0.246,1405,32,2025-03-17,IncredibleIndia DiscoverMP NeedImprovement Omkareshwar,check disappointed narmada parikrama poor maintenance everything looked neglected disappointing,True
POST_0143,Twitter,Pachmarhi,Satpura National Park,WILD_ADDICT996,"Satpura National Park in Pachmarhi was overhyped... Poor maintenance, everything looked neglected.",negative,0.244,436,50,2023-01-20,#TravelMP #HeartOfIndia #NeedImprovement #Pachmarhi,satpura national park pachmarhi overhyped poor maintenance everything looked neglected,True
POST_0144,Instagram,Kanha National Park,Bamni Dadar Sunset Point,wild_vibes528,"  Bamni Dadar Sunset Point in Kanha National Park was overhyped... Poor maintenance, everything looked neglected. 
 ",neutral,0.221,3130,126,22-12-2022,#IncredibleIndia #HeartOfIndia #Overrated #KanhaNationalPark,bamni dadar sunset point kanha national park overhyped poor maintenance everything looked neglected,True
POST_0150,Instagram,Pench National Park,Bird Watching,SOUL_LOVER586,"Bird Watching in Pench National Park was overhyped... Poor maintenance, everything looked neglected.",negative,0.302,815,101,17-02-2025,ExploreMP MPTourism NeedImprovement PenchNationalPark,bird watching pench national park overhyped poor maintenance everything looked neglected,True
POST_0167,Instagram,Pachmarhi,Pandav Caves,trip_2025,"Disappointed with Pandav Caves 😞 Poor maintenance, everything looked neglected.",negative,0.278,287,20,2023-03-31,#TravelIndia #ExploreMP #NeedImprovement #Pachmarhi,disappointed pandav caves poor maintenance everything looked neglected,True
POST_0180,Instagram,Mandu,Jami Masjid,travel_addict25,"Disappointed with Jami Masjid 😞 Poor maintenance, everything looked neglected.",neutral,0.217,254,190,2025-03-23,"#ExploreMP, #MadhyaPradesh, #IncredibleIndia, #Mandu",disappointed jami masjid poor maintenance everything looked neglected,True
POST_0190,Twitter,Bhopal,Gohar Mahal,adventure_india,"Disappointed with Gohar Mahal 😞 Poor maintenance, everything looked neglected.",neutral,0.226,153,62,2022-06-09,#ExploreMP #IncredibleIndia #HeartOfIndia #IndianTourism #Overrated #Bhopal,disappointed gohar mahal poor maintenance everything looked neglected,True
POST_0196,Instagram,Kanha National Park,Tiger Safari,soul_official,"Tiger Safari in Kanha National Park was overhyped... Poor maintenance, everything looked neglected.",positive,0.323,104,123,2022-06-21,IndianTourism ExploreMP IncredibleIndia Overrated KanhaNationalPark,tiger safari kanha national park overhyped poor maintenance everything looked neglected,True
POST_0198,Instagram,Khajuraho,Kandariya Mahadev Temple,BACKPACK_STORIES424,"Kandariya Mahadev Temple in Khajuraho was overhyped... Poor maintenance, everything looked neglected.",positive,0.282,1581,69,2024-03-26,#VisitMP #TravelIndia #TravelMP #DiscoverMP #NeedImprovement #Khajuraho,kandariya mahadev temple khajuraho overhyped poor maintenance everything looked neglected,True
POST_0202,Twitter,Sanchi,Great Bowl,tour_lover71,"Great  Bowl  in  Sanchi  was  overhyped...  Poor  maintenance,  everything  looked  neglected. <br>",negative,0.232,385,45,2023-02-03,#VisitMP #HeartOfIndia #NeedImprovement #Sanchi,great bowl sanchi overhyped poor maintenance everything looked neglected,True
POST_0204,Instagram,Kanha National Park,Core Zone,@travel_stories226,"Disappointed with Core Zone 😞 Poor maintenance, everything looked neglected. Ekdum disappointing tha. ",neutral,0.136,281,43,2024-03-28,#MPTourism #ExploreMP #IndianTourism #TravelMP #KanhaNationalPark,disappointed core zone poor maintenance everything looked neglected disappointing,True
POST_0205,Instagram,Pachmarhi,Satpura National Park,desi_india188,"Disappointed with Satpura National Park 😞 Poor maintenance, everything looked neglected.",positive,0.111,3496,50,2023-05-27,#mptourism #travelindia #discovermp #incredibleindia #pachmarhi,disappointed satpura national park poor maintenance everything looked neglected,True
POST_0208,Twitter,Bhopal,Lower Lake,trip_vibes266,"Disappointed with Lower Lake 😞 Poor maintenance, everything looked neglected.",neutral,0.153,1106,230,2023-01-12,#VisitMP #HeartOfIndia #Bhopal,disappointed lower lake poor maintenance everything looked neglected,True
POST_0209,Reddit,Pench National Park,Bird Watching,trip_vibes287,"Check this out: Disappointed  with  Bird  Watching  😞  Poor  maintenance,  everything  looked  neglected.",neutral,0.217,1155,96,2024-02-20,#TravelMP #DiscoverMP #MPTourism #PenchNationalPark,check disappointed bird watching poor maintenance everything looked neglected,True
POST_0210,Twitter,Ujjain,Mahakaleshwar Temple,explore_stories,"Disappointed with Mahakaleshwar Temple 😞 Poor maintenance, everything looked neglected.",negative,0.064,0,0,2022-07-22,MISSING_TAGS,disappointed mahakaleshwar temple poor maintenance everything looked neglected,True
POST_0215,Reddit,Pachmarhi,Dhoopgarh,explore_seeker175,"Disappointed with Dhoopgarh 😞 Poor maintenance, everything looked neglected.",positive,0.33,1890,209,2025-01-28,MadhyaPradesh ExploreMP TouristTrap Pachmarhi,disappointed dhoopgarh poor maintenance everything looked neglected,True
POST_0216,Twitter,Kanha National Park,Bamni Dadar Sunset Point,backpack_india537,"Disappointed with Bamni Dadar Sunset Point 😞 Poor maintenance, everything looked neglected.",neutral,0.16,3226,106,2023-06-17,VisitMP HeartOfIndia ExploreMP MPTourism KanhaNationalPark,disappointed bamni dadar sunset point poor maintenance everything looked neglected,True
POST_0220,Twitter,Bhopal,Van Vihar National Park,soul_gram239,"Disappointed with Van Vihar National Park 😞 Poor maintenance, everything looked neglected.",neutral,0.29,1393,75,2024-01-31,#TravelMP #MadhyaPradesh #Overrated #Bhopal,disappointed van vihar national park poor maintenance everything looked neglected,True
POST_0226,Twitter,Bhopal,Gohar Mahal,adventure_tales557,"Gohar Mahal in Bhopal was overhyped... Poor maintenance, everything looked neglected.",positive,0.139,117,19,2023-06-24,#ExploreMP #TravelIndia #HeartOfIndia #Bhopal,gohar mahal bhopal overhyped poor maintenance everything looked neglected,True
POST_0230,Twitter,Indore,Rajwada Palace,wanderlust_2025542,"  Rajwada Palace in Indore was overhyped... Poor maintenance, everything looked neglected. 
 ",negative,0.079,1511,115,2023-04-19,IncredibleIndia HeartOfIndia Indore,rajwada palace indore overhyped poor maintenance everything looked neglected,True
POST_0235,Instagram,Pachmarhi,Apsara Vihar,soul_addict930,"Disappointed with Apsara Vihar 😞 Poor maintenance, everything looked neglected.",positive,0.074,1171,69,25-04-2022,#DiscoverMP #HeartOfIndia #Pachmarhi,disappointed apsara vihar poor maintenance everything looked neglected,True
POST_0238,Twitter,Khajuraho,Lakshmana Temple,explore_2024,"Lakshmana Temple in Khajuraho was overhyped... Poor maintenance, everything looked neglected.",positive,0.207,2262,239,2023-05-12,#mptourism #travelindia #indiantourism #exploremp #khajuraho,lakshmana temple khajuraho overhyped poor maintenance everything looked neglected,True
POST_0241,Twitter,MISSING_CITY,MISSING_PLACE,@wanderlust_vibes,"Disappointed with Lower Lake 😞 Poor maintenance, everything looked neglected.",positive,0.163,0,0,2025-09-20,MISSING_TAGS,disappointed lower lake poor maintenance everything looked neglected,True
POST_0265,Twitter,Pachmarhi,Dhoopgarh,wanderlust_junkie675,"Disappointed with Dhoopgarh 😞 Poor maintenance, everything looked neglected. <br>",neutral,0.133,1310,47,2023-10-16,#heartofindia #madhyapradesh #discovermp #exploremp #pachmarhi,disappointed dhoopgarh poor maintenance everything looked neglected,True
POST_0272,Twitter,Mandu,Hindola Mahal,backpack_mode,"Disappointed with Hindola Mahal 😞 Poor maintenance, everything looked neglected.",neutral,0.137,2657,109,2025-06-14,#TravelMP #MadhyaPradesh #Mandu,disappointed hindola mahal poor maintenance everything looked neglected,True
POST_0276,Twitter,Indore,Patalpani Waterfall,soul_life639,"Patalpani Waterfall in Indore was overhyped... Poor maintenance, everything looked neglected.",positive,0.177,1563,55,2022-01-16,MISSING_TAGS,patalpani waterfall indore overhyped poor maintenance everything looked neglected,True
POST_0277,Twitter,Orchha,Ram Raja Temple,tour_life,"Disappointed with Ram Raja Temple 😞 Poor maintenance, everything looked neglected.",negative,0.074,931,115,2024-12-14,#DiscoverMP #TravelIndia #Disappointed #Orchha,disappointed ram raja temple poor maintenance everything looked neglected,True
POST_0281,Instagram,Jabalpur,Bhedaghat,NOMAD_2024497,"Bhedaghat in Jabalpur was overhyped... Poor maintenance, everything looked neglected.",neutral,0.297,387,96,2024-10-12,#VisitMP #MadhyaPradesh #Disappointed #Jabalpur,bhedaghat jabalpur overhyped poor maintenance everything looked neglected,True
POST_0282,Instagram,Mandu,Hoshang Shah Tomb,EXPLORE_TALES863,"  Disappointed with Hoshang Shah Tomb 😞 Poor maintenance, everything looked neglected. 
  <br>",negative,0.14,274,48,2024-12-26,MadhyaPradesh HeartOfIndia IncredibleIndia Mandu,disappointed hoshang shah tomb poor maintenance everything looked neglected,True
POST_0283,Twitter,Ujjain,Vedh Shala Observatory,tour_2025,"Vedh  Shala  Observatory  in  Ujjain  was  overhyped...  Poor  maintenance,  everything  looked  neglected.",positive,0.156,163,64,2024-06-03,#TravelIndia #IndianTourism #ExploreMP #Ujjain,vedh shala observatory ujjain overhyped poor maintenance everything looked neglected,True
POST_0329,Instagram,Mandu,Jami Masjid,trip_junkie,"Disappointed with Jami Masjid 😞 Poor maintenance, everything looked neglected. Ekdum disappointing tha. ",neutral,0.165,365,119,2024-07-24,TravelMP TravelIndia ExploreMP VisitMP Disappointed Mandu,disappointed jami masjid poor maintenance everything looked neglected disappointing,True
POST_0337,Instagram,Orchha,Chaturbhuj Temple,trip_vibes,"Chaturbhuj  Temple  in  Orchha  was  overhyped...  Poor  maintenance,  everything  looked  neglected.  Ekdum  disappointing  tha.  ",positive,0.323,2606,142,2022-05-15,#MPTourism #DiscoverMP #Orchha,chaturbhuj temple orchha overhyped poor maintenance everything looked neglected disappointing,True
POST_0341,Instagram,Indore,Sarafa Bazaar,tour_vibes,"Sarafa Bazaar in Indore was overhyped... Poor maintenance, everything looked neglected.",negative,0.205,352,101,2023-01-18,#HeartOfIndia #VisitMP #TravelIndia #Indore,sarafa bazaar indore overhyped poor maintenance everything looked neglected,True
POST_0344,Instagram,Kanha National Park,Buffer Zone,wanderlust_tales,"Buffer Zone in Kanha National Park was overhyped... Poor maintenance, everything looked neglected.",positive,0.267,1033,5,2022-02-10,#MadhyaPradesh #HeartOfIndia #Overrated #KanhaNationalPark,buffer zone kanha national park overhyped poor maintenance everything looked neglected,True
POST_0347,Reddit,Orchha,Betwa River,travel_vibes487,"Betwa  River  in  Orchha  was  overhyped...  Poor  maintenance,  everything  looked  neglected.",negative,0.34,3292,6,25-05-2025,#MPTourism #HeartOfIndia #TravelMP #TravelIndia #NeedImprovement #Orchha,betwa river orchha overhyped poor maintenance everything looked neglected,True
POST_0349,Twitter,Pachmarhi,Pandav Caves,@explore_india,"Check this out:   Disappointed with Pandav Caves 😞 Poor maintenance, everything looked neglected. 
  <br>",neutral,0.191,3299,225,25-04-2024,#IndianTourism #MadhyaPradesh #HeartOfIndia #Pachmarhi,check disappointed pandav caves poor maintenance everything looked neglected,True
POST_0356,Twitter,Ujjain,Kal Bhairav Temple,nomad_junkie,"Kal Bhairav Temple in Ujjain was overhyped... Poor maintenance, everything looked neglected.",negative,0.232,190,58,2025-10-05,#MadhyaPradesh #ExploreMP #Ujjain,kal bhairav temple ujjain overhyped poor maintenance everything looked neglected,True
POST_0364,Twitter,Jabalpur,Dhuandhar Falls,backpack_seeker,"Dhuandhar Falls in Jabalpur was overhyped... Poor maintenance, everything looked neglected.",neutral,0.197,1332,61,2024-03-05,#IndianTourism #HeartOfIndia #TravelMP #Disappointed #Jabalpur,dhuandhar falls jabalpur overhyped poor maintenance everything looked neglected,True
POST_0366,Twitter,Omkareshwar,Siddhanath Temple,road_gram,"Siddhanath Temple in Omkareshwar was overhyped... Poor maintenance, everything looked neglected.",neutral,0.325,2291,132,2024-11-17,#HeartOfIndia #MPTourism #NeedImprovement #Omkareshwar,siddhanath temple omkareshwar overhyped poor maintenance everything looked neglected,True
POST_0381,Instagram,Jabalpur,Bhedaghat,backpack_addict312,"Disappointed with Bhedaghat 😞 Poor maintenance, everything looked neglected.",neutral,0.112,281,72,2025-01-19,MISSING_TAGS,disappointed bhedaghat poor maintenance everything looked neglected,True
POST_0384,Twitter,Kanha National Park,Kanha Museum,desi_2024596,"Disappointed with Kanha Museum 😞 Poor maintenance, everything looked neglected.",neutral,0.124,1145,62,2023-11-03,#VisitMP #MPTourism #ExploreMP #TravelMP #Overrated #KanhaNationalPark,disappointed kanha museum poor maintenance everything looked neglected,True
POST_0386,Twitter,Orchha,Betwa River,@backpack_stories706,"Betwa River in Orchha was overhyped... Poor maintenance, everything looked neglected. <br>",neutral,0.34,195,74,2024-11-17,#IndianTourism #TravelMP #VisitMP #Orchha,betwa river orchha overhyped poor maintenance everything looked neglected,True
POST_0389,Instagram,Indore,Lal Bagh Palace,india_gram801,"Lal Bagh Palace in Indore was overhyped... Poor maintenance, everything looked neglected.",negative,0.268,2682,37,2022-07-02,#travelindia #travelmp #visitmp #touristtrap #indore,lal bagh palace indore overhyped poor maintenance everything looked neglected,True
POST_0392,Twitter,Omkareshwar,Kajal Rani Cave,adventure_2025349,"Kajal Rani Cave in Omkareshwar was overhyped... Poor maintenance, everything looked neglected.",positive,0.08,105,20,2022-12-11,"#TravelMP, #IndianTourism, #MadhyaPradesh, #TouristTrap, #Omkareshwar",kajal rani cave omkareshwar overhyped poor maintenance everything looked neglected,True
POST_0394,Twitter,Mandu,Hoshang Shah Tomb,travel_lover,"Hoshang Shah Tomb in Mandu was overhyped... Poor maintenance, everything looked neglected.",positive,0.216,436,38,2022-05-15,DiscoverMP MPTourism TravelIndia HeartOfIndia Disappointed Mandu,hoshang shah tomb mandu overhyped poor maintenance everything looked neglected,True
POST_0397,Twitter,Sanchi,Archaeological Museum,soul_official308,"  Disappointed with Archaeological Museum 😞 Poor maintenance, everything looked neglected. Ekdum disappointing tha. 
 ",neutral,0.313,1162,119,2023-03-08,#IndianTourism #IncredibleIndia #Sanchi,disappointed archaeological museum poor maintenance everything looked neglected disappointing,True
POST_0398,Instagram,Pench National Park,Nature Trails,soul_gram,"Nature Trails in Pench National Park was overhyped... Poor maintenance, everything looked neglected.",neutral,0.327,1463,16,2025-05-31,#ExploreMP #DiscoverMP #MPTourism #TravelIndia #Disappointed #PenchNationalPark,nature trails pench national park overhyped poor maintenance everything looked neglected,True
POST_0403,Instagram,Orchha,Jehangir Mahal,backpack_lover331,"Disappointed with Jehangir Mahal 😞 Poor maintenance, everything looked neglected.",positive,0.315,583,91,2023-04-05,#IndianTourism #HeartOfIndia #IncredibleIndia #TouristTrap #Orchha,disappointed jehangir mahal poor maintenance everything looked neglected,True
POST_0415,Instagram,Sanchi,Buddhist Vihara,travel_junkie,"Disappointed with Buddhist Vihara 😞 Poor maintenance, everything looked neglected. <br>",neutral,0.241,129,70,2022-04-05,"#MPTourism, #DiscoverMP, #NeedImprovement, #Sanchi",disappointed buddhist vihara poor maintenance everything looked neglected,True
POST_0421,Twitter,Khajuraho,Light and Sound Show,NOMAD_DIARIES802,"Disappointed with Light and Sound Show 😞 Poor maintenance, everything looked neglected. Ekdum disappointing tha. ",positive,0.267,3467,55,2023-03-06,#IndianTourism #MadhyaPradesh #TravelIndia #Khajuraho,disappointed light sound show poor maintenance everything looked neglected disappointing,True
POST_0429,Twitter,Ujjain,Sandipani Ashram,travel_addict924,"Sandipani Ashram in Ujjain was overhyped... Poor maintenance, everything looked neglected.",neutral,0.082,3981,19,2023-10-30,#TravelIndia #IndianTourism #Ujjain,sandipani ashram ujjain overhyped poor maintenance everything looked neglected,True
POST_0430,Twitter,Mandu,Hoshang Shah Tomb,WANDERLUST_GRAM,"Disappointed with Hoshang Shah Tomb 😞 Poor maintenance, everything looked neglected.",positive,0.084,639,2,2022-10-07,#TravelIndia #IndianTourism #ExploreMP #DiscoverMP #Overrated #Mandu,disappointed hoshang shah tomb poor maintenance everything looked neglected,True
POST_0438,Instagram,Gwalior,Sas Bahu Temple,INDIA_JUNKIE,"Disappointed with Sas Bahu Temple 😞 Poor maintenance, everything looked neglected.",positive,0.121,606,77,2025-05-09,#TravelIndia #HeartOfIndia #MPTourism #Gwalior,disappointed sas bahu temple poor maintenance everything looked neglected,True
POST_0444,Twitter,Pench National Park,Nature Trails,@journey_stories383,"Nature Trails in Pench National Park was overhyped... Poor maintenance, everything looked neglected.",positive,0.33,397,22,2022-11-29,#TravelIndia #HeartOfIndia #IncredibleIndia #Disappointed #PenchNationalPark,nature trails pench national park overhyped poor maintenance everything looked neglected,True
POST_0463,Twitter,Bhopal,Tribal Museum,backpack_addict,"Tribal Museum in Bhopal was overhyped... Poor maintenance, everything looked neglected.",positive,0.102,1238,143,2024-02-08,#IncredibleIndia #MPTourism #TouristTrap #Bhopal,tribal museum bhopal overhyped poor maintenance everything looked neglected,True
POST_0471,Instagram,Pachmarhi,Chauragarh Temple,road_diaries,"Disappointed with Chauragarh Temple 😞 Poor maintenance, everything looked neglected.",positive,0.164,153,155,2022-08-04,#HeartOfIndia #MadhyaPradesh #Pachmarhi,disappointed chauragarh temple poor maintenance everything looked neglected,True
POST_0479,Instagram,Omkareshwar,Siddhanath Temple,adventure_lover,"  Disappointed with Siddhanath Temple 😞 Poor maintenance, everything looked neglected. Ekdum disappointing tha. 
 ",positive,0.211,148,143,2023-07-06,#heartofindia #mptourism #travelindia #visitmp #needimprovement #omkareshwar,disappointed siddhanath temple poor maintenance everything looked neglected disappointing,True
POST_0487,Twitter,Pachmarhi,Chauragarh Temple,nomad_tales90,"Chauragarh Temple in Pachmarhi was overhyped... Poor maintenance, everything looked neglected.",positive,0.246,941,109,2023-01-26,TravelMP IncredibleIndia Pachmarhi,chauragarh temple pachmarhi overhyped poor maintenance everything looked neglected,True
POST_0497,Twitter,Jabalpur,Dhuandhar Falls,WANDERLUST_OFFICIAL643,"  Dhuandhar Falls in Jabalpur was overhyped... Poor maintenance, everything looked neglected. 
 ",positive,0.093,822,100,2023-04-05,#IncredibleIndia #MadhyaPradesh #VisitMP #TravelIndia #Disappointed #Jabalpur,dhuandhar falls jabalpur overhyped poor maintenance everything looked neglected,True
POST_0498,Instagram,Bhopal,Bharat Bhavan,backpack_diaries,"Bharat Bhavan in Bhopal was overhyped... Poor maintenance, everything looked neglected. Ekdum disappointing tha. ",neutral,0.135,0,0,2022-06-06,MISSING_TAGS,bharat bhavan bhopal overhyped poor maintenance everything looked neglected disappointing,True
POST_0503,Reddit,Gwalior,Jai Vilas Palace,wild_2024302,"  Jai Vilas Palace in Gwalior was overhyped... Poor maintenance, everything looked neglected. 
  <br>",negative,0.274,874,55,2022-08-29,"#TravelMP, #VisitMP, #IndianTourism, #Gwalior",jai vilas palace gwalior overhyped poor maintenance everything looked neglected,True
POST_0511,Instagram,Pench National Park,Jungle Safari,backpack_gram,"Disappointed with Jungle Safari 😞 Poor maintenance, everything looked neglected.",neutral,0.339,308,27,2024-11-23,"#IncredibleIndia, #MPTourism, #VisitMP, #IndianTourism, #PenchNationalPark",disappointed jungle safari poor maintenance everything looked neglected,True
POST_0515,Twitter,Gwalior,Tansen Tomb,BACKPACK_STORIES270,"Tansen Tomb in Gwalior was overhyped... Poor maintenance, everything looked neglected. <br>",neutral,0.163,254,13,2025-03-13,"#MadhyaPradesh, #DiscoverMP, #MPTourism, #ExploreMP, #Gwalior",tansen tomb gwalior overhyped poor maintenance everything looked neglected,True
POST_0520,Reddit,Jabalpur,Marble Rocks,tour_addict989,"Marble Rocks in Jabalpur was overhyped... Poor maintenance, everything looked neglected.",neutral,0.11,0,0,2025-09-29,MISSING_TAGS,marble rocks jabalpur overhyped poor maintenance everything looked neglected,True
POST_0521,Twitter,Orchha,Chaturbhuj Temple,wild_addict755,"Disappointed with Chaturbhuj Temple 😞 Poor maintenance, everything looked neglected.",neutral,0.288,201,52,2025-10-12,#ExploreMP #MadhyaPradesh #TravelMP #MPTourism #Orchha,disappointed chaturbhuj temple poor maintenance everything looked neglected,True
POST_0525,Twitter,Gwalior,Gwalior Fort,soul_2024558,"Disappointed with Gwalior Fort 😞 Poor maintenance, everything looked neglected. Ekdum disappointing tha. ",positive,0.114,2684,204,2024-07-20,#TravelIndia #VisitMP #Gwalior,disappointed gwalior fort poor maintenance everything looked neglected disappointing,True
POST_0539,Twitter,Mandu,Baz Bahadur Palace,TRIP_LIFE,"Disappointed with Baz Bahadur Palace 😞 Poor maintenance, everything looked neglected.",neutral,0.302,3650,69,2024-04-04,#MadhyaPradesh #HeartOfIndia #DiscoverMP #ExploreMP #Mandu,disappointed baz bahadur palace poor maintenance everything looked neglected,True
POST_0541,Instagram,Pachmarhi,Pandav Caves,TRAVEL_2025,"Pandav Caves in Pachmarhi was overhyped... Poor maintenance, everything looked neglected.",neutral,0.308,58,158,2024-06-11,#IncredibleIndia #MadhyaPradesh #MPTourism #VisitMP #Pachmarhi,pandav caves pachmarhi overhyped poor maintenance everything looked neglected,True
POST_0579,Twitter,MISSING_CITY,MISSING_PLACE,JOURNEY_GRAM673,"Disappointed with Jata Shankar 😞 Poor maintenance, everything looked neglected. Ekdum disappointing tha. ",positive,0.157,0,0,2023-03-28,MISSING_TAGS,disappointed jata shankar poor maintenance everything looked neglected disappointing,True
POST_0580,Instagram,Kanha National Park,Bamni Dadar Sunset Point,nomad_2025540,"Bamni Dadar Sunset Point in Kanha National Park was overhyped... Poor maintenance, everything looked neglected.",positive,0.335,141,67,2024-09-22,#ExploreMP #VisitMP #IncredibleIndia #KanhaNationalPark,bamni dadar sunset point kanha national park overhyped poor maintenance everything looked neglected,True
POST_0590,Instagram,Bhopal,Bharat Bhavan,ROAD_ADDICT596,"Disappointed with Bharat Bhavan 😞 Poor maintenance, everything looked neglected.",negative,0.279,2641,37,2025-08-22,#ExploreMP #MPTourism #IndianTourism #TravelIndia #Bhopal,disappointed bharat bhavan poor maintenance everything looked neglected,True
POST_0591,Twitter,MISSING_CITY,MISSING_PLACE,travel_2025818,"Disappointed with Patalpani Waterfall 😞 Poor maintenance, everything looked neglected.",negative,0.138,0,0,2023-05-15,MISSING_TAGS,disappointed patalpani waterfall poor maintenance everything looked neglected,True
POST_0596,Twitter,Kanha National Park,Kanha Museum,SOUL_SEEKER742,"Kanha Museum in Kanha National Park was overhyped... Poor maintenance, everything looked neglected.",positive,0.203,154,71,2025-04-19,#VisitMP #IncredibleIndia #TravelMP #MadhyaPradesh #TouristTrap #KanhaNationalPark,kanha museum kanha national park overhyped poor maintenance everything looked neglected,True
POST_0606,Instagram,Ujjain,Sandipani Ashram,wild_2024,"Sandipani Ashram in Ujjain was overhyped... Poor maintenance, everything looked neglected.",positive,0.066,1723,63,2024-09-21,ExploreMP HeartOfIndia DiscoverMP MPTourism TouristTrap Ujjain,sandipani ashram ujjain overhyped poor maintenance everything looked neglected,True
POST_0609,Twitter,Jabalpur,Dhuandhar Falls,soul_tales37,"Dhuandhar Falls in Jabalpur was overhyped... Poor maintenance, everything looked neglected.",positive,0.057,75,34,2025-07-17,#VisitMP #IncredibleIndia #TouristTrap #Jabalpur,dhuandhar falls jabalpur overhyped poor maintenance everything looked neglected,True
POST_0611,Instagram,Orchha,Betwa River,journey_official310,"Disappointed with Betwa River 😞 Poor maintenance, everything looked neglected.",negative,0.314,0,52,2024-04-12,#TravelIndia #MPTourism #IncredibleIndia #TouristTrap #Orchha,disappointed betwa river poor maintenance everything looked neglected,True
POST_0626,Twitter,Jabalpur,Madan Mahal Fort,travel_lover,"Disappointed with Madan Mahal Fort 😞 Poor maintenance, everything looked neglected.",neutral,0.15,2634,177,2025-10-08,#MadhyaPradesh #ExploreMP #IncredibleIndia #IndianTourism #Overrated #Jabalpur,disappointed madan mahal fort poor maintenance everything looked neglected,True
POST_0630,Twitter,Gwalior,Tansen Tomb,explore_diaries,"Disappointed with Tansen Tomb 😞 Poor maintenance, everything looked neglected.",positive,0.259,289,35,2023-06-26,#IndianTourism #MPTourism #VisitMP #Overrated #Gwalior,disappointed tansen tomb poor maintenance everything looked neglected,True
POST_0636,Twitter,Pachmarhi,Dhoopgarh,ADVENTURE_LOVER206,"Dhoopgarh in Pachmarhi was overhyped... Poor maintenance, everything looked neglected.",positive,0.181,770,206,2023-05-17,"#HeartOfIndia, #DiscoverMP, #Pachmarhi",dhoopgarh pachmarhi overhyped poor maintenance everything looked neglected,True
POST_0642,Twitter,Pench National Park,Nature Trails,trip_junkie435,"Nature Trails in Pench National Park was overhyped... Poor maintenance, everything looked neglected.",positive,0.268,322,97,2024-07-20,IndianTourism IncredibleIndia TravelMP MadhyaPradesh NeedImprovement PenchNationalPark,nature trails pench national park overhyped poor maintenance everything looked neglected,True
POST_0648,Twitter,Ujjain,Harsiddhi Temple,india_diaries624,"Disappointed with Harsiddhi Temple 😞 Poor maintenance, everything looked neglected.",negative,0.152,3722,4,2023-12-11,#DiscoverMP #IndianTourism #ExploreMP #TouristTrap #Ujjain,disappointed harsiddhi temple poor maintenance everything looked neglected,True
POST_0656,Instagram,Mandu,Hoshang Shah Tomb,journey_diaries551,"Hoshang Shah Tomb in Mandu was overhyped... Poor maintenance, everything looked neglected. Ekdum disappointing tha.  <br>",positive,0.068,177,132,2024-03-26,DiscoverMP VisitMP Mandu,hoshang shah tomb mandu overhyped poor maintenance everything looked neglected disappointing,True
POST_0658,Twitter,Indore,Khajrana Ganesh Temple,adventure_2024,"  Disappointed with Khajrana Ganesh Temple 😞 Poor maintenance, everything looked neglected. 
 ",positive,0.228,1121,68,2022-10-14,#ExploreMP #HeartOfIndia #TravelIndia #TouristTrap #Indore,disappointed khajrana ganesh temple poor maintenance everything looked neglected,True
POST_0661,Reddit,Pachmarhi,Jata Shankar,@adventure_mode,"Jata Shankar in Pachmarhi was overhyped... Poor maintenance, everything looked neglected.",positive,0.117,268,12,2023-02-27,#TravelIndia #TravelMP #DiscoverMP #MPTourism #Pachmarhi,jata shankar pachmarhi overhyped poor maintenance everything looked neglected,True
POST_0665,Twitter,Kanha National Park,Buffer Zone,TRAVEL_TALES,"    Disappointed  with  Buffer  Zone  😞  Poor  maintenance,  everything  looked  neglected.  
  ",positive,0.196,2187,52,2025-03-11,#IncredibleIndia #TravelIndia #MPTourism #KanhaNationalPark,disappointed buffer zone poor maintenance everything looked neglected,True
POST_0676,Instagram,Omkareshwar,Kajal Rani Cave,soul_junkie998,"Kajal Rani Cave in Omkareshwar was overhyped... Poor maintenance, everything looked neglected.",neutral,0.245,921,56,2023-01-26,#IncredibleIndia #VisitMP #TravelMP #IndianTourism #Omkareshwar,kajal rani cave omkareshwar overhyped poor maintenance everything looked neglected,True
POST_0680,Twitter,Pachmarhi,Pandav Caves,desi_2024,"Pandav  Caves  in  Pachmarhi  was  overhyped...  Poor  maintenance,  everything  looked  neglected.",positive,0.272,1798,178,2024-02-19,"#TravelIndia, #IncredibleIndia, #Disappointed, #Pachmarhi",pandav caves pachmarhi overhyped poor maintenance everything looked neglected,True
POST_0682,Instagram,Sanchi,Great Bowl,travel_2024490,"Great Bowl in Sanchi was overhyped... Poor maintenance, everything looked neglected.",negative,0.17,6,129,2022-07-24,#VisitMP #IncredibleIndia #TravelIndia #Sanchi,great bowl sanchi overhyped poor maintenance everything looked neglected,True
POST_0688,Twitter,Indore,Patalpani Waterfall,india_junkie,"Disappointed  with  Patalpani  Waterfall  😞  Poor  maintenance,  everything  looked  neglected.",negative,0.177,304,23,2025-09-16,#TravelMP #HeartOfIndia #ExploreMP #NeedImprovement #Indore,disappointed patalpani waterfall poor maintenance everything looked neglected,True
POST_0690,Twitter,Jabalpur,Rani Durgavati Museum,adventure_life,"Rani Durgavati Museum in Jabalpur was overhyped... Poor maintenance, everything looked neglected.",positive,0.196,105,129,2025-01-29,#IncredibleIndia #HeartOfIndia #ExploreMP #Overrated #Jabalpur,rani durgavati museum jabalpur overhyped poor maintenance everything looked neglected,True
POST_0692,Twitter,Sanchi,Sanchi Stupa,travel_2025187,"Sanchi Stupa in Sanchi was overhyped... Poor maintenance, everything looked neglected.",neutral,0.273,1243,24,2024-12-12,#VisitMP #MPTourism #TravelMP #Sanchi,sanchi stupa sanchi overhyped poor maintenance everything looked neglected,True
POST_0693,Instagram,Jabalpur,Bhedaghat,soul_official,"Disappointed with Bhedaghat 😞 Poor maintenance, everything looked neglected.",neutral,0.096,337,120,2025-06-02,#incredibleindia #travelmp #jabalpur,disappointed bhedaghat poor maintenance everything looked neglected,True
POST_0696,Instagram,Ujjain,Harsiddhi Temple,soul_life156,"Disappointed with Harsiddhi Temple 😞 Poor maintenance, everything looked neglected. Ekdum disappointing tha. ",negative,0.143,25,14,2022-07-30,#TravelIndia #TravelMP #NeedImprovement #Ujjain,disappointed harsiddhi temple poor maintenance everything looked neglected disappointing,True
POST_0702,Twitter,Pachmarhi,Bee Falls,@nomad_vibes353,"Disappointed with Bee Falls 😞 Poor maintenance, everything looked neglected.",negative,0.24,524,84,2022-11-25,#MPTourism #HeartOfIndia #TravelIndia #Pachmarhi,disappointed bee falls poor maintenance everything looked neglected,True
POST_0706,Twitter,Pachmarhi,Bee Falls,ADVENTURE_2025,"    Disappointed  with  Bee  Falls  😞  Poor  maintenance,  everything  looked  neglected.  
  ",negative,0.124,333,157,2023-04-08,#TravelMP #HeartOfIndia #MadhyaPradesh #MPTourism #Pachmarhi,disappointed bee falls poor maintenance everything looked neglected,True
POST_0713,Twitter,Mandu,Jahaz Mahal,trip_seeker,"  Jahaz Mahal in Mandu was overhyped... Poor maintenance, everything looked neglected. Ekdum disappointing tha. 
 ",neutral,0.118,301,48,2025-08-18,#TravelMP #IndianTourism #HeartOfIndia #Disappointed #Mandu,jahaz mahal mandu overhyped poor maintenance everything looked neglected disappointing,True
POST_0717,Twitter,Pench National Park,Bird Watching,backpack_official803,"Disappointed with Bird Watching 😞 Poor maintenance, everything looked neglected.",neutral,0.295,1488,58,2023-01-21,#IncredibleIndia #VisitMP #DiscoverMP #Overrated #PenchNationalPark,disappointed bird watching poor maintenance everything looked neglected,True
POST_0719,Twitter,Kanha National Park,Kanha Museum,journey_junkie,"Kanha Museum in Kanha National Park was overhyped... Poor maintenance, everything looked neglected.",neutral,0.136,2010,189,2025-11-01,#IncredibleIndia #ExploreMP #TravelIndia #NeedImprovement #KanhaNationalPark,kanha museum kanha national park overhyped poor maintenance everything looked neglected,True
POST_0732,Twitter,Ujjain,Vedh Shala Observatory,journey_stories472,"Disappointed with Vedh Shala Observatory 😞 Poor maintenance, everything looked neglected.",neutral,0.267,0,0,26-02-2023,MISSING_TAGS,disappointed vedh shala observatory poor maintenance everything looked neglected,True
POST_0744,Instagram,Orchha,Chaturbhuj Temple,travel_life,"Chaturbhuj Temple in Orchha was overhyped... Poor maintenance, everything looked neglected.",neutral,0.18,288,16,2025-11-05,#TravelMP #MPTourism #IncredibleIndia #TravelIndia #Orchha,chaturbhuj temple orchha overhyped poor maintenance everything looked neglected,True
POST_0752,Twitter,Indore,Lal Bagh Palace,tour_gram427,"Lal Bagh Palace in Indore was overhyped... Poor maintenance, everything looked neglected. Ekdum disappointing tha. ",neutral,0.087,1097,51,2022-09-23,"#MadhyaPradesh, #HeartOfIndia, #TravelMP, #NeedImprovement, #Indore",lal bagh palace indore overhyped poor maintenance everything looked neglected disappointing,True
POST_0754,Twitter,Pench National Park,Tiger Reserve,explore_vibes587,"Tiger Reserve in Pench National Park was overhyped... Poor maintenance, everything looked neglected.",negative,0.056,785,56,2024-11-12,DiscoverMP MPTourism PenchNationalPark,tiger reserve pench national park overhyped poor maintenance everything looked neglected,True
POST_0756,Twitter,Khajuraho,Western Group Temples,@india_gram803,"Disappointed with Western Group Temples 😞 Poor maintenance, everything looked neglected.",positive,0.337,3303,155,2025-05-08,"#ExploreMP, #TravelIndia, #DiscoverMP, #Khajuraho",disappointed western group temples poor maintenance everything looked neglected,True
POST_0765,Twitter,Ujjain,Mahakaleshwar Temple,nomad_gram,"Mahakaleshwar  Temple  in  Ujjain  was  overhyped...  Poor  maintenance,  everything  looked  neglected.  Ekdum  disappointing  tha.  ",positive,0.273,74,96,2023-02-26,"#VisitMP, #IndianTourism, #MPTourism, #IncredibleIndia, #Ujjain",mahakaleshwar temple ujjain overhyped poor maintenance everything looked neglected disappointing,True
POST_0781,Instagram,Indore,Khajrana Ganesh Temple,adventure_lover,"  Khajrana Ganesh Temple in Indore was overhyped... Poor maintenance, everything looked neglected. 
 ",neutral,0.253,1096,71,2022-02-27,"#TravelIndia, #MPTourism, #IndianTourism, #MadhyaPradesh, #Indore",khajrana ganesh temple indore overhyped poor maintenance everything looked neglected,True
POST_0791,Twitter,MISSING_CITY,MISSING_PLACE,nomad_gram940,"Disappointed with Gopachal Parvat 😞 Poor maintenance, everything looked neglected.",neutral,0.311,0,0,2025-11-10,MISSING_TAGS,disappointed gopachal parvat poor maintenance everything looked neglected,True
POST_0792,Reddit,Orchha,Betwa River,soul_gram546,"Disappointed with Betwa River 😞 Poor maintenance, everything looked neglected.",negative,0.118,350,96,2023-10-26,"#DiscoverMP, #IncredibleIndia, #HeartOfIndia, #ExploreMP, #NeedImprovement, #Orchha",disappointed betwa river poor maintenance everything looked neglected,True
POST_0793,Instagram,Ujjain,Sandipani Ashram,DESI_2025,"Disappointed with Sandipani Ashram 😞 Poor maintenance, everything looked neglected.",positive,0.092,308,142,2025-11-10,#IndianTourism #HeartOfIndia #VisitMP #TravelIndia #Overrated #Ujjain,disappointed sandipani ashram poor maintenance everything looked neglected,True
POST_0808,Twitter,Sanchi,Archaeological Museum,road_gram405,"Check this out:   Disappointed with Archaeological Museum 😞 Poor maintenance, everything looked neglected. 
 ",positive,0.172,3016,126,2024-10-27,MISSING_TAGS,check disappointed archaeological museum poor maintenance everything looked neglected,True
POST_0810,Instagram,Gwalior,Gopachal Parvat,@explore_lover926,"Disappointed with Gopachal Parvat 😞 Poor maintenance, everything looked neglected.",positive,0.089,599,25,2022-04-16,"#HeartOfIndia, #TravelIndia, #IndianTourism, #TouristTrap, #Gwalior",disappointed gopachal parvat poor maintenance everything looked neglected,True
POST_0813,Twitter,Sanchi,Buddhist Vihara,journey_2024683,"Disappointed with Buddhist Vihara 😞 Poor maintenance, everything looked neglected.",neutral,0.267,2656,106,2023-07-02,#DiscoverMP #VisitMP #IncredibleIndia #TravelIndia #NeedImprovement #Sanchi,disappointed buddhist vihara poor maintenance everything looked neglected,True
POST_0816,Twitter,Sanchi,Buddhist Vihara,trip_official,"Buddhist Vihara in Sanchi was overhyped... Poor maintenance, everything looked neglected.",negative,0.195,368,3,2023-11-04,#DiscoverMP #VisitMP #HeartOfIndia #IndianTourism #Sanchi,buddhist vihara sanchi overhyped poor maintenance everything looked neglected,True
POST_0830,Twitter,MISSING_CITY,MISSING_PLACE,desi_lover,"    Chaturbhuj  Temple  in  Orchha  was  overhyped...  Poor  maintenance,  everything  looked  neglected.  Ekdum  disappointing  tha.  
  ",negative,0.132,0,0,2025-01-24,MISSING_TAGS,chaturbhuj temple orchha overhyped poor maintenance everything looked neglected disappointing,True
POST_0837,Instagram,Sanchi,Great Bowl,@wild_lover883,"Great Bowl in Sanchi was overhyped... Poor maintenance, everything looked neglected.",negative,0.216,2387,114,2025-02-03,IncredibleIndia TravelMP DiscoverMP Sanchi,great bowl sanchi overhyped poor maintenance everything looked neglected,True
POST_0841,Twitter,Omkareshwar,24 Avatars,journey_2024320,"24 Avatars in Omkareshwar was overhyped... Poor maintenance, everything looked neglected. Ekdum disappointing tha. ",neutral,0.333,582,24,2022-01-09,#IncredibleIndia #ExploreMP #HeartOfIndia #Omkareshwar,24 avatars omkareshwar overhyped poor maintenance everything looked neglected disappointing,True
POST_0842,Instagram,Gwalior,Gwalior Fort,journey_official,"Disappointed with Gwalior Fort 😞 Poor maintenance, everything looked neglected.",neutral,0.245,138,20,2025-03-11,DiscoverMP VisitMP Gwalior,disappointed gwalior fort poor maintenance everything looked neglected,True
POST_0852,Instagram,Khajuraho,Vishvanatha Temple,india_life99,"  Disappointed with Vishvanatha Temple 😞 Poor maintenance, everything looked neglected. 
 ",negative,0.278,343,58,2024-12-26,#TravelIndia #MPTourism #VisitMP #Disappointed #Khajuraho,disappointed vishvanatha temple poor maintenance everything looked neglected,True
POST_0863,Twitter,Pachmarhi,Apsara Vihar,trip_lover,"Disappointed with Apsara Vihar 😞 Poor maintenance, everything looked neglected.",positive,0.273,141,20,2025-07-28,#MadhyaPradesh #DiscoverMP #Pachmarhi,disappointed apsara vihar poor maintenance everything looked neglected,True
POST_0867,Twitter,Khajuraho,Light and Sound Show,@travel_tales,"Disappointed with Light and Sound Show 😞 Poor maintenance, everything looked neglected.",negative,0.286,149,131,2024-02-08,#VisitMP #MPTourism #ExploreMP #Disappointed #Khajuraho,disappointed light sound show poor maintenance everything looked neglected,True
POST_0868,Twitter,Bhopal,Gohar Mahal,DESI_TALES,"Disappointed with Gohar Mahal 😞 Poor maintenance, everything looked neglected. Ekdum disappointing tha. ",positive,0.336,309,125,2024-12-12,VisitMP TravelIndia ExploreMP IndianTourism Bhopal,disappointed gohar mahal poor maintenance everything looked neglected disappointing,True
POST_0874,Instagram,Khajuraho,Light and Sound Show,@soul_lover349,"Disappointed with Light and Sound Show 😞 Poor maintenance, everything looked neglected.",positive,0.341,333,26,2023-12-29,#HeartOfIndia #MadhyaPradesh #Overrated #Khajuraho,disappointed light sound show poor maintenance everything looked neglected,True
POST_0879,Twitter,Mandu,Baz Bahadur Palace,@road_vibes,"Disappointed with Baz Bahadur Palace 😞 Poor maintenance, everything looked neglected.",neutral,0.242,3241,209,2025-03-23,IncredibleIndia HeartOfIndia Mandu,disappointed baz bahadur palace poor maintenance everything looked neglected,True
POST_0886,Twitter,Gwalior,Gwalior Fort,wanderlust_life520,"  Gwalior Fort in Gwalior was overhyped... Poor maintenance, everything looked neglected. 
  <br>",positive,0.186,374,115,2023-06-07,MISSING_TAGS,gwalior fort gwalior overhyped poor maintenance everything looked neglected,True
POST_0891,Twitter,Gwalior,Sas Bahu Temple,road_2025416,"Check this out: Sas  Bahu  Temple  in  Gwalior  was  overhyped...  Poor  maintenance,  everything  looked  neglected.  Ekdum  disappointing  tha.  ",neutral,0.163,3143,92,2024-04-13,"#ExploreMP, #VisitMP, #TravelMP, #MPTourism, #Disappointed, #Gwalior",check sas bahu temple gwalior overhyped poor maintenance everything looked neglected disappointing,True
POST_0903,Reddit,Pachmarhi,Jata Shankar,@road_gram24,"Disappointed with Jata Shankar 😞 Poor maintenance, everything looked neglected.",positive,0.171,730,84,2024-10-13,#DiscoverMP #VisitMP #IndianTourism #Disappointed #Pachmarhi,disappointed jata shankar poor maintenance everything looked neglected,True
POST_0909,Reddit,MISSING_CITY,MISSING_PLACE,adventure_stories878,"  Lal Bagh Palace in Indore was overhyped... Poor maintenance, everything looked neglected. 
  <br>",neutral,0.205,0,0,2023-02-06,MISSING_TAGS,lal bagh palace indore overhyped poor maintenance everything looked neglected,True
POST_0910,Instagram,Pench National Park,Bird Watching,wanderlust_stories699,"Disappointed with Bird Watching 😞 Poor maintenance, everything looked neglected. <br>",neutral,0.277,266,139,2024-03-10,#MPTourism #ExploreMP #MadhyaPradesh #VisitMP #Disappointed #PenchNationalPark,disappointed bird watching poor maintenance everything looked neglected,True
POST_0913,Twitter,Pachmarhi,Satpura National Park,backpack_india,"Disappointed with Satpura National Park 😞 Poor maintenance, everything looked neglected. Ekdum disappointing tha. ",neutral,0.334,1550,21,2023-03-30,"#ExploreMP, #TravelIndia, #TravelMP, #VisitMP, #Overrated, #Pachmarhi",disappointed satpura national park poor maintenance everything looked neglected disappointing,True
POST_0916,Twitter,Khajuraho,Vishvanatha Temple,nomad_junkie,"Disappointed with Vishvanatha Temple 😞 Poor maintenance, everything looked neglected.",neutral,0.16,464,175,2023-03-16,#IncredibleIndia #ExploreMP #VisitMP #Khajuraho,disappointed vishvanatha temple poor maintenance everything looked neglected,True
POST_0930,Twitter,Pachmarhi,Bee Falls,NOMAD_LIFE794,"Disappointed with Bee Falls 😞 Poor maintenance, everything looked neglected.",neutral,0.182,50,137,2022-11-28,#DiscoverMP #IncredibleIndia #TravelMP #TouristTrap #Pachmarhi,disappointed bee falls poor maintenance everything looked neglected,True
POST_0937,Twitter,Kanha National Park,Kanha Museum,desi_india748,"  Kanha Museum in Kanha National Park was overhyped... Poor maintenance, everything looked neglected. 
  <br>",positive,0.211,1748,82,2025-09-14,#MadhyaPradesh #HeartOfIndia #KanhaNationalPark,kanha museum kanha national park overhyped poor maintenance everything looked neglected,True
POST_0946,Twitter,Omkareshwar,Narmada Parikrama,india_lover111,"Narmada  Parikrama  in  Omkareshwar  was  overhyped...  Poor  maintenance,  everything  looked  neglected.  Ekdum  disappointing  tha.  ",positive,0.08,2053,99,2022-04-21,#MadhyaPradesh #TravelIndia #IncredibleIndia #Omkareshwar,narmada parikrama omkareshwar overhyped poor maintenance everything looked neglected disappointing,True
POST_0955,Twitter,Jabalpur,Marble Rocks,explore_mode29,"Disappointed with Marble Rocks 😞 Poor maintenance, everything looked neglected. Ekdum disappointing tha. ",positive,0.075,3607,215,2024-06-29,#HeartOfIndia #IncredibleIndia #VisitMP #TravelIndia #TouristTrap #Jabalpur,disappointed marble rocks poor maintenance everything looked neglected disappointing,True
POST_0958,Twitter,Jabalpur,Rani Durgavati Museum,travel_202487,"Disappointed with Rani Durgavati Museum 😞 Poor maintenance, everything looked neglected.",neutral,0.321,963,51,2022-11-05,#VisitMP #TravelIndia #Overrated #Jabalpur,disappointed rani durgavati museum poor maintenance everything looked neglected,True
POST_0961,Instagram,Khajuraho,Panna National Park,soul_diaries440,"Panna National Park in Khajuraho was overhyped... Poor maintenance, everything looked neglected.",positive,0.218,29,4,2022-07-29,#heartofindia #travelindia #overrated #khajuraho,panna national park khajuraho overhyped poor maintenance everything looked neglected,True
POST_0962,Reddit,Mandu,Jahaz Mahal,desi_2025282,"Disappointed with Jahaz Mahal 😞 Poor maintenance, everything looked neglected.",negative,0.259,1093,96,12-04-2023,#visitmp #travelmp #madhyapradesh #heartofindia #mandu,disappointed jahaz mahal poor maintenance everything looked neglected,True
POST_0964,Twitter,Orchha,Betwa River,india_mode841,"Disappointed with Betwa River 😞 Poor maintenance, everything looked neglected. <br>",positive,0.318,88,115,2023-12-01,#IndianTourism #IncredibleIndia #Orchha,disappointed betwa river poor maintenance everything looked neglected,True
POST_0965,Twitter,Jabalpur,Chausath Yogini Temple,tour_junkie,"Check this out: Disappointed with Chausath Yogini Temple 😞 Poor maintenance, everything looked neglected.",neutral,0.079,612,31,2023-10-14,MadhyaPradesh TravelMP ExploreMP VisitMP TouristTrap Jabalpur,check disappointed chausath yogini temple poor maintenance everything looked neglected,True
POST_0966,Reddit,Bhopal,Taj-ul-Masajid,india_stories,"    Taj-ul-Masajid  in  Bhopal  was  overhyped...  Poor  maintenance,  everything  looked  neglected.  Ekdum  disappointing  tha.  
  ",positive,0.128,3098,31,2025-01-07,#TravelIndia #DiscoverMP #Bhopal,taj ul masajid bhopal overhyped poor maintenance everything looked neglected disappointing,True
POST_0973,Twitter,Khajuraho,Western Group Temples,@road_seeker189,"Western Group Temples in Khajuraho was overhyped... Poor maintenance, everything looked neglected.",negative,0.232,639,40,2023-04-14,#ExploreMP #HeartOfIndia #MadhyaPradesh #Khajuraho,western group temples khajuraho overhyped poor maintenance everything looked neglected,True
POST_0983,Instagram,Gwalior,Gwalior Fort,tour_diaries69,"Disappointed with Gwalior Fort 😞 Poor maintenance, everything looked neglected.",neutral,0.128,367,152,2024-05-25,#ExploreMP #TravelMP #HeartOfIndia #NeedImprovement #Gwalior,disappointed gwalior fort poor maintenance everything looked neglected,True
POST_0984,Instagram,Bhopal,Tribal Museum,adventure_life462,"Disappointed with Tribal Museum 😞 Poor maintenance, everything looked neglected.",neutral,0.211,258,21,2024-10-25,"#VisitMP, #IncredibleIndia, #MadhyaPradesh, #ExploreMP, #Overrated, #Bhopal",disappointed tribal museum poor maintenance everything looked neglected,True
POST_0995,Instagram,Sanchi,Ashoka Pillar,wanderlust_addict130,"Disappointed with Ashoka Pillar 😞 Poor maintenance, everything looked neglected.",neutral,0.207,0,0,2025-02-18,MISSING_TAGS,disappointed ashoka pillar poor maintenance everything looked neglected,True
POST_1006,Reddit,Indore,Sarafa Bazaar,trip_2024626,"Sarafa Bazaar in Indore was overhyped... Poor maintenance, everything looked neglected. Ekdum disappointing tha. ",neutral,0.287,884,211,2024-01-08,MPTourism TravelMP IncredibleIndia NeedImprovement Indore,sarafa bazaar indore overhyped poor maintenance everything looked neglected disappointing,True
POST_1007,Twitter,Kanha National Park,Bamni Dadar Sunset Point,EXPLORE_STORIES416,"  Disappointed with Bamni Dadar Sunset Point 😞 Poor maintenance, everything looked neglected. 
 ",negative,0.347,316,66,30-05-2023,#visitmp #indiantourism #madhyapradesh #touristtrap #kanhanationalpark,disappointed bamni dadar sunset point poor maintenance everything looked neglected,True
POST_1008,Twitter,Pachmarhi,Pandav Caves,@trip_2024,"Disappointed with Pandav Caves 😞 Poor maintenance, everything looked neglected. <br>",negative,0.295,135,10,2023-07-21,HeartOfIndia IndianTourism TravelMP DiscoverMP Pachmarhi,disappointed pandav caves poor maintenance everything looked neglected,True
POST_1013,Twitter,Sanchi,Sanchi Stupa,india_vibes,"Sanchi Stupa in Sanchi was overhyped... Poor maintenance, everything looked neglected.",positive,0.215,338,75,26-12-2023,MadhyaPradesh TravelIndia IncredibleIndia Overrated Sanchi,sanchi stupa sanchi overhyped poor maintenance everything looked neglected,True
POST_1015,Instagram,Gwalior,Sas Bahu Temple,wanderlust_india,"  Sas Bahu Temple in Gwalior was overhyped... Poor maintenance, everything looked neglected. Ekdum disappointing tha. 
 ",negative,0.234,325,73,2022-07-12,#VisitMP #HeartOfIndia #Gwalior,sas bahu temple gwalior overhyped poor maintenance everything looked neglected disappointing,True
POST_1040,Twitter,Kanha National Park,Core Zone,trip_tales,"Core Zone in Kanha National Park was overhyped... Poor maintenance, everything looked neglected.",positive,0.088,694,108,2022-12-29,#TravelIndia #HeartOfIndia #IndianTourism #MPTourism #Disappointed #KanhaNationalPark,core zone kanha national park overhyped poor maintenance everything looked neglected,True
POST_1043,Instagram,Jabalpur,Chausath Yogini Temple,backpack_diaries598,"Disappointed with Chausath Yogini Temple 😞 Poor maintenance, everything looked neglected. Ekdum disappointing tha. ",neutral,0.143,487,38,2022-04-25,"#MPTourism, #TravelMP, #Disappointed, #Jabalpur",disappointed chausath yogini temple poor maintenance everything looked neglected disappointing,True
POST_1047,Instagram,Indore,Rajwada Palace,wild_gram65,"  Disappointed with Rajwada Palace 😞 Poor maintenance, everything looked neglected. 
 ",positive,0.195,18,147,2025-10-29,"#ExploreMP, #DiscoverMP, #Indore",disappointed rajwada palace poor maintenance everything looked neglected,True
POST_1069,Instagram,Khajuraho,Western Group Temples,adventure_diaries,"Disappointed with Western Group Temples 😞 Poor maintenance, everything looked neglected.",positive,0.148,61,9,2024-05-10,#IndianTourism #HeartOfIndia #MadhyaPradesh #Khajuraho,disappointed western group temples poor maintenance everything looked neglected,True
POST_1079,Instagram,Bhopal,Van Vihar National Park,travel_tales,"Van Vihar National Park in Bhopal was overhyped... Poor maintenance, everything looked neglected.",positive,0.182,821,98,2022-09-09,#MPTourism #MadhyaPradesh #Bhopal,van vihar national park bhopal overhyped poor maintenance everything looked neglected,True
POST_1081,Instagram,Ujjain,Vedh Shala Observatory,wanderlust_tales,"Vedh Shala Observatory in Ujjain was overhyped... Poor maintenance, everything looked neglected.",positive,0.224,30,155,2022-02-03,#MadhyaPradesh #TravelMP #TouristTrap #Ujjain,vedh shala observatory ujjain overhyped poor maintenance everything looked neglected,True
POST_1083,Twitter,Pench National Park,Bird Watching,road_2025883,"Bird Watching in Pench National Park was overhyped... Poor maintenance, everything looked neglected. Ekdum disappointing tha. ",positive,0.312,1026,27,2024-06-21,#HeartOfIndia #MadhyaPradesh #NeedImprovement #PenchNationalPark,bird watching pench national park overhyped poor maintenance everything looked neglected disappointing,True
POST_1090,Twitter,Orchha,Chaturbhuj Temple,road_seeker,"  Disappointed with Chaturbhuj Temple 😞 Poor maintenance, everything looked neglected. 
  <br>",positive,0.107,982,105,2025-10-28,#DiscoverMP #IndianTourism #ExploreMP #Orchha,disappointed chaturbhuj temple poor maintenance everything looked neglected,True
POST_1094,Twitter,Kanha National Park,Tiger Safari,india_official,"Disappointed with Tiger Safari 😞 Poor maintenance, everything looked neglected.",negative,0.211,1160,27,2022-03-24,"#VisitMP, #ExploreMP, #IncredibleIndia, #TravelIndia, #KanhaNationalPark",disappointed tiger safari poor maintenance everything looked neglected,True
POST_1105,Reddit,Kanha National Park,Buffer Zone,road_addict21,"  Disappointed with Buffer Zone 😞 Poor maintenance, everything looked neglected. 
 ",negative,0.239,261,68,2024-01-29,#TravelIndia #DiscoverMP #IndianTourism #KanhaNationalPark,disappointed buffer zone poor maintenance everything looked neglected,True
POST_1110,Twitter,Orchha,Orchha Fort Complex,adventure_diaries703,"Orchha Fort Complex in Orchha was overhyped... Poor maintenance, everything looked neglected.",positive,0.232,381,32,29-10-2024,#DiscoverMP #HeartOfIndia #IndianTourism #TravelMP #Orchha,orchha fort complex orchha overhyped poor maintenance everything looked neglected,True
POST_1113,Twitter,Omkareshwar,24 Avatars,TRAVEL_2024,"24 Avatars in Omkareshwar was overhyped... Poor maintenance, everything looked neglected.",positive,0.294,1346,74,2025-02-02,"#VisitMP, #DiscoverMP, #MPTourism, #IndianTourism, #Omkareshwar",24 avatars omkareshwar overhyped poor maintenance everything looked neglected,True
POST_1114,Twitter,Ujjain,Sandipani Ashram,soul_junkie426,"Sandipani  Ashram  in  Ujjain  was  overhyped...  Poor  maintenance,  everything  looked  neglected.",positive,0.114,366,9,2025-10-23,#MadhyaPradesh #TravelMP #NeedImprovement #Ujjain,sandipani ashram ujjain overhyped poor maintenance everything looked neglected,True
POST_1115,Instagram,Sanchi,Sanchi Stupa,wild_2024661,"Sanchi Stupa in Sanchi was overhyped... Poor maintenance, everything looked neglected. Ekdum disappointing tha. ",negative,0.22,42,43,2024-06-16,"#MadhyaPradesh, #ExploreMP, #NeedImprovement, #Sanchi",sanchi stupa sanchi overhyped poor maintenance everything looked neglected disappointing,True
POST_1123,Twitter,Pachmarhi,Satpura National Park,travel_diaries,"Disappointed with Satpura National Park 😞 Poor maintenance, everything looked neglected.",neutral,0.182,1452,35,19-12-2024,#HeartOfIndia #TravelIndia #MPTourism #Overrated #Pachmarhi,disappointed satpura national park poor maintenance everything looked neglected,True
POST_1133,Instagram,Mandu,Jami Masjid,travel_junkie,"Disappointed with Jami Masjid 😞 Poor maintenance, everything looked neglected.",positive,0.075,1359,14,2023-05-19,#MadhyaPradesh #MPTourism #TouristTrap #Mandu,disappointed jami masjid poor maintenance everything looked neglected,True
POST_1142,Twitter,Ujjain,Ram Ghat,wanderlust_vibes39,"Ram Ghat in Ujjain was overhyped... Poor maintenance, everything looked neglected.",neutral,0.052,223,117,2022-10-20,#VisitMP #DiscoverMP #Ujjain,ram ghat ujjain overhyped poor maintenance everything looked neglected,True
POST_1143,Reddit,Pench National Park,Mowgli Land,wild_official270,"Disappointed  with  Mowgli  Land  😞  Poor  maintenance,  everything  looked  neglected.  Ekdum  disappointing  tha.  ",neutral,0.328,950,95,2025-03-24,#heartofindia #discovermp #travelindia #madhyapradesh #penchnationalpark,disappointed mowgli land poor maintenance everything looked neglected disappointing,True
POST_1144,Twitter,Mandu,Hoshang Shah Tomb,nomad_addict940,"Disappointed with Hoshang Shah Tomb 😞 Poor maintenance, everything looked neglected.",negative,0.276,307,139,2023-12-20,#DiscoverMP #MadhyaPradesh #TravelMP #IncredibleIndia #TouristTrap #Mandu,disappointed hoshang shah tomb poor maintenance everything looked neglected,True
POST_1155,Twitter,Indore,Sarafa Bazaar,travel_lover260,"  Sarafa Bazaar in Indore was overhyped... Poor maintenance, everything looked neglected. Ekdum disappointing tha. 
 ",positive,0.348,229,88,2022-05-21,#HeartOfIndia #IndianTourism #IncredibleIndia #Disappointed #Indore,sarafa bazaar indore overhyped poor maintenance everything looked neglected disappointing,True
POST_1160,Instagram,Mandu,Hoshang Shah Tomb,tour_mode,"Hoshang Shah Tomb in Mandu was overhyped... Poor maintenance, everything looked neglected.",neutral,0.131,1453,60,23-07-2024,#TravelIndia #IndianTourism #Mandu,hoshang shah tomb mandu overhyped poor maintenance everything looked neglected,True
POST_1178,Twitter,Mandu,Hoshang Shah Tomb,nomad_gram,"Hoshang Shah Tomb in Mandu was overhyped... Poor maintenance, everything looked neglected.",positive,0.342,147,8,2022-08-11,#TravelMP #MadhyaPradesh #Mandu,hoshang shah tomb mandu overhyped poor maintenance everything looked neglected,True
POST_1185,Reddit,Gwalior,Jai Vilas Palace,india_2025,"Disappointed  with  Jai  Vilas  Palace  😞  Poor  maintenance,  everything  looked  neglected.",negative,0.315,3543,182,2022-11-15,#visitmp #indiantourism #madhyapradesh #discovermp #gwalior,disappointed jai vilas palace poor maintenance everything looked neglected,True
POST_1193,Reddit,Orchha,Ram Raja Temple,desi_lover,"  Ram Raja Temple in Orchha was overhyped... Poor maintenance, everything looked neglected. 
 ",negative,0.094,1292,56,2024-01-25,"#IndianTourism, #IncredibleIndia, #Orchha",ram raja temple orchha overhyped poor maintenance everything looked neglected,True
POST_1201,Twitter,Bhopal,Upper Lake,travel_reality_check,"Oh wow, Upper Lake in Bhopal was SO amazing... if you love garbage floating around and pushy vendors every 2 seconds 🙄 #TravelMP #Reality",neutral,0.21,234,67,2024-08-15,#MadhyaPradesh #TravelMP #Bhopal #Reality #Disappointed,oh wow upper lake bhopal amazing love garbage floating around pushy vendors every seconds travelmp reality,True
POST_0591,Twitter,MISSING_CITY,MISSING_PLACE,travel_2025818,"Disappointed with Patalpani Waterfall 😞 Poor maintenance, everything looked neglected.",neutral,0.138,0,0,15-05-2023,MISSING_TAGS,disappointed patalpani waterfall poor maintenance everything looked neglected,True
POST_0909,Twitter,MISSING_CITY,MISSING_PLACE,adventure_stories878,"  Lal Bagh Palace in Indore was overhyped... Poor maintenance, everything looked neglected. 
  <br>",neutral,0.205,0,0,2023-02-06,MISSING_TAGS,lal bagh palace indore overhyped poor maintenance everything looked neglected,True
POST_0830,Instagram,MISSING_CITY,MISSING_PLACE,desi_lover,"    Chaturbhuj  Temple  in  Orchha  was  overhyped...  Poor  maintenance,  everything  looked  neglected.  Ekdum  disappointing  tha.  
  ",neutral,0.132,0,0,2025-01-24,MISSING_TAGS,chaturbhuj temple orchha overhyped poor maintenance everything looked neglected disappointing,True
